Product name,Price (€),Product category
Pressure cookers for decoction,38.90,cooker
Porcelain Electrical Multicooker,39.90,cooker
NDTCM Herbariums,90.00,kit
Calebasse Gift Box,10.00,kit
NDTCM Kit Herbarium,395.00,kit
Precision Acupuncture Kit,28.90,kit
Performance Acupuncture Kit,28.90,kit
Essential Cupping Kit,28.90,kit
Serenity Space Kit,374.80,kit
DNMTC herbarium poster,374.80,kit
"Daily Essentials Kit – Vitality, Clarity & Sleep",374.80,kit
Vase for moxa and gua sha in porcelain,19.80,moxibustion
Bamboo moxa box - Zhu zhi ai jiu he,6.50,moxibustion
Needles Picker - Shi Zhen Qi,4.50,moxibustion
Copper Moxa Box - Qian Qiu Du Tong Jiu Qi,14.90,moxibustion
Probe Roller - Shuang Tou Gun Zhen,12.90,moxibustion
Copper moxa box - Wen Jiu Tong Jiu Dou,11.90,moxibustion
Massage and moxa box made of Bian stone,46.00,moxibustion
Mini Moxa Paste - Zi Tie Shi Ruo Yan Ai Li,23.90,moxibustion
Wood moxa box,9.90,moxibustion
Moxa Belt - Ai jiu bu dai,2.00,moxibustion
Smokeless Moxibustion box - Ai jiu he,10.80,moxibustion
Moxa tongs,3.60,moxibustion
Porcelain moxa and gua sha vase,12.90,moxibustion
Moxa Spoon - Ai Jiu Shao,4.90,moxibustion
Probe Bend - Liu Jiao Er Zhen   Wan,3.40,moxibustion
Moxa Picker - Lv Zhi Shi Ai Qi,2.40,moxibustion
"Superior Moxa Sticklet – Tongbai Origin & Stable, Lasting Warmth - Sui gong tong ai ai tiao",21.90,moxibustion
Moxa stick tube - Zhi zhi ai jiu he,3.40,moxibustion
Moxa Extinguisher - Bu Xiu Gang Mie Jiu Qi,6.50,moxibustion
Probe Double Head - Shuang Tou Tan Xue Bi,6.90,moxibustion
Probe Straight - Liu Jiao Er Zhen   Zhi,3.40,moxibustion
Mini Moxa Paste - Zi Tie Shi Wu Yan Ai Li,25.90,moxibustion
Marteau d'acupuncture magnétique - Ci yuan mei zhen,,acupuncture
Tableau “Neuf aiguilles” - Jiu zhen tu,1,acupuncture
Boîte pour aiguilles usagées - Qi zhen he,1,acupuncture
Modèle d'exercice pour acupuncture - 8 cm - Zhi li zhi fa lian xi mo xing,1,acupuncture
"Boite d’aiguilles semi-permanente (ASP) en acier - 0,35 x 2,1 mm - Qin zhen (yin se) - 0,35 x 2,1 mm",1,acupuncture
Livre - L'acupuncture sans aiguille,1,acupuncture
Livre - À la découverte de l’Acupuncture spatio-temporelle,1,acupuncture
Needles (with tube) -0.22 x 40 mm,13.90,acupuncture
100 knife needles -0.40 x 40 mm,18.80,acupuncture
Knife needles -0.50 x 75 mm,18.80,acupuncture
Knife needles -0.50 x 40 mm,18.80,acupuncture
"Box of semi-permanent steel needles - 0,35 x 2,1 mm - Qin zhen (jin se) - 0,35 x 2,1 mm",30.90,acupuncture
Knife needles -0.50 x 50 mm,18.80,acupuncture
Knife needles -0.60 x 50 mm,18.80,acupuncture
Knife needles -0.40 x 50 mm,18.80,acupuncture
Knife needles -0.50 x 60 mm,18.80,acupuncture
100 needles without tube -0.25 x 13 mm,2.90,acupuncture
Knife needles -0.60 x 75 mm,18.80,acupuncture
Knife needles -0.40 x 25 mm,18.80,acupuncture
Used needle box - Qi zhen he,4.50,acupuncture
500 needles (with tube) - 0.16 x 13 mm,13.90,acupuncture
500 needles (with tube) -0.30 x 75 mm,13.90,acupuncture
100 needles without tube -0.35 x 25 mm,2.90,acupuncture
500 needles (with tube) -0.25 x 30 mm,13.90,acupuncture
500 needles (with tube) -0.22 x 25 mm,13.90,acupuncture
500 needles (with tube) -0.18 x 30 mm,13.90,acupuncture
100 knife needles -0.40 x 75 mm,18.80,acupuncture
"Box of semi-permanent steel needles - 0,35 x 2,1 mm - Qin zhen (yin se) - 0,35 x 2,1 mm",30.90,acupuncture
Needles Practice Box - Zhi li zhi fa lian xi mo xing,9.90,acupuncture
Single-use Lancet Needles (23G) - Cai xue zhen,3.40,acupuncture
Needles without tube -0.25 x 25 mm,2.90,acupuncture
Needles (with tube) -0.30 x 40 mm,13.90,acupuncture
100 needles without tube -0.22 x 30mm,2.90,acupuncture
100 needles without tube -0.16 x 15 mm,2.90,acupuncture
100 needles without tube -0.20 x 30 mm,2.90,acupuncture
Painting “Nine needles” - Jiu zhen tu,124.00,acupuncture
Needles without tube -0.18 x 25 mm,2.90,acupuncture
100 needles without tube -0.25 x 30 mm,2.90,acupuncture
500 needles (with tube) -0.40 x 60 mm,13.90,acupuncture
100 needles without tube - 0.16 x 40 mm,2.90,acupuncture
500 needles (with tube) -0.40 x 50 mm,13.90,acupuncture
500 needles (with tube) -0.18 x 50 mm,13.90,acupuncture
500 needles (with tube) -0.40 x 75 mm,13.90,acupuncture
Needles without tube -0.25 x 40 mm,2.90,acupuncture
100 needles without tube -0.22 x 13 mm,2.90,acupuncture
"Box of thumbtacks with sticking plaster - 0,22 x 1,5 mm - Qin zhen - 0,22 x 1,5 mm",3.40,acupuncture
Needles without tube -0.20 x 40 mm,2.90,acupuncture
Needles (with tube) -0.40 x 40 mm,13.90,acupuncture
100 needles without tube -0.25 x 75 mm,2.90,acupuncture
500 needles (with tube) - 0.16 x 15 mm,13.90,acupuncture
100 needles without tube -0.30 x 15 mm,2.90,acupuncture
Plum blossom hammer 7 Star needles - Mei hua zhen,11.90,acupuncture
Wang bu liu xue wei ya li ci ji tie,3.30,acupuncture
Needles (with tube) -0.40 x 25 mm,13.90,acupuncture
Knife needles -0.35 x 75 mm,18.80,acupuncture
Needles without tube -0.20 x 25 mm,2.90,acupuncture
100 needles without tube -0.16 x 25 mm,2.90,acupuncture
Needles (with tube) -0.25 x 40 mm,13.90,acupuncture
Needles without tube -0.35 x 50 mm,2.90,acupuncture
Knife needles -0.40 x 15 mm,18.80,acupuncture
Needles (with tube) -0.25 x 25 mm,13.90,acupuncture
Magnetic Acupuncture Hammer - Ci yuan mei zhen,79.00,acupuncture
100 needles without tube -0.20 x 13 mm,2.90,acupuncture
Needles without tube -0.22 x 40 mm,2.90,acupuncture
100 needles without tube -0.30 x 50 mm,2.90,acupuncture
Needles without tube - 0.18 x 13 mm,2.90,acupuncture
500 needles (with tube) -0.20 x 50 mm,13.90,acupuncture
100 needles without tube -0.30 x 13 mm,2.90,acupuncture
100 needles without tube -0.18 x 40 mm,2.90,acupuncture
Ear Paster - Er Xue Tie,3.10,acupuncture
100 needles without tube -0.35 x 40 mm,2.90,acupuncture
Knife needles -0.35 x 50 mm,18.80,acupuncture
Needles (with tube) -0.20 x 40 mm,13.90,acupuncture
100 needles without tube -0.30 x 25 mm,2.90,acupuncture
Needles without tube -0.30 x 40 mm,2.90,acupuncture
100 needles without tube -0.25 x 50 mm,2.90,acupuncture
100 needles without tube -0.35 x 75 mm,2.90,acupuncture
500 needles (with tube) -0.30 x 25 mm,13.90,acupuncture
500 needles (with tube) -0.18 x 10 mm,13.90,acupuncture
Needles (with tube) -0.20 x 25 mm,13.90,acupuncture
100 needles without tube -0.30 x 75 mm,2.90,acupuncture
500 needles (with tube) -0.22 x 50 mm,13.90,acupuncture
100 needles without tube -0.30 x 60 mm,2.90,acupuncture
100 needles without tube -0.35 x 50 mm,2.90,acupuncture
100 needles without tube -0.22 x 25 mm,2.90,acupuncture
Knife needles -0.60 x 40 mm,18.80,acupuncture
500 needles (with tube) -0.16 x 25 mm,13.90,acupuncture
100 needles without tube -0.30 x 30 mm,2.90,acupuncture
Needles (with tube) -0.25 x 60 mm,13.90,acupuncture
Massage hammer made of fabric and aromatic powders,14.90,new products
Massage hammer made of fabric and plant seeds,14.90,new products
Massage and moxa box made of Bian stone,46.00,new products
"Summer Scented Sachet – Freshness, Balance & Chinese Tradition",15.90,new products
Magnetic Acupuncture Hammer - Ci yuan mei zhen,79.00,new products
Porcelain moxa and gua sha vase,12.90,new products
Gua sha in bian stone,18.90,new products
Brass Gua Sha Plate - S Shape,39.90,new products
Embroidered Round Fan – Asian Summer Breeze,18.90,new products
Green Sandalwood Brush,29.90,new products
Sandalwood Rabbit Massager,6.90,new products
Carbonizing Cupping Set - Tan Hua Zhu Xi Tong ( 3 ),8.90,cupping
Bamboo Cupping Exlarge - Zhu Xi Tong Te Da Hao,3.00,cupping
Ceramic Cupping Set - Tao Ci Cai Guan,23.90,cupping
Plastic face cupping set for anti-wrinkle facial massage – Set of 4,17.80,cupping
Glass cupping - Bo Li Ba Huo guan,2.50,cupping
Glass face cupping set for anti-wrinkle facial massage – Set of 4,17.80,cupping
Intelligent breathing cupping massage instrument - Dian dong ba guan qi,20.00,cupping
Cupping Set - Zhen Kong Ba Guan Qi,27.90,cupping
Traditional Chinese balance - Chen Bai jian,12.90,decorative
"Painting ""shen"" - Jing Qi Shen - Shen",60.00,decorative
Painting “Nine needles” - Jiu zhen tu,124.00,decorative
Scroll Painting-Kid Meridians (14) - Xiao Er Shi Si Jing Luo Tu Juan Zhou Ban,60.00,decorative
Scroll Painting-Metal - Wu Xing Tu - Jin,60.00,decorative
Scroll Painting-Wen - zhong yi si zhen tu - wen,60.00,decorative
Scroll Painting-Water - wu xing tu - shui,60.00,decorative
Scroll Painting-Wen - zhong yi si zhen tu - wen,60.00,decorative
Scroll Painting-Fire - wu xing tu - huo,60.00,decorative
"Painting ""Zhang Zhongjing"" - Gua hua ""Zhang Zhongjing""",60.00,decorative
"Painting ""Li Shizhen"" - Gua hua ""Li Shizhen""",60.00,decorative
Scroll Painting-Earth - wu xing tu - tu,60.00,decorative
Scroll Painting-Qi - jing qi shen - qi,60.00,decorative
"Painting ""Sun Simao"" - Gua hua ""Sun Simiao""",60.00,decorative
Scroll Painting-TCM Diagnosis - zhong yi zhen duan quan tu,60.00,decorative
Scroll Painting-Wood - Wu Xing Tu - Mu,60.00,decorative
Scroll Painting-Baduan Jin - ba duan jin juan zhou ban,60.00,decorative
Magnetic Poster Holder Walnut,13.90,decorative
"Painting ""Yang"" and ""Yin""",60.00,decorative
Spiritual cultivation illustration,60.00,decorative
Scroll Painting-TCM Photo - que bing yan nian dao yin tu,60.00,decorative
Magnetic Poster Holder Rustic,15.90,decorative
"Painting ""Hua tuo"" - Gua hua ""Hua tuo""",60.00,decorative
Illustration from Inner structure - Neijing,60.00,decorative
"Painting ""Jing""",60.00,decorative
Scroll Painting-Wang - zhong yi si zhen tu - wang,60.00,decorative
Scroll Painting-Qie - zhong yi si zhen tu - qie,60.00,decorative
Book - Pharmacopée Chinoise : le livre de référence pour se soigner au naturel,23.00,books
Book - A la découverte de l'acupuncture des cinq éléments,14.90,books
Book - Comprendre l'énergie en médecine chinoise: Les bases pour les débutants,11.00,books
Book - À la Découverte de la Diététique Chinoise,24.90,books
Book - Cahiers cliniques d’Acupuncture n°14,33.00,books
Book - Initiation au massage chinois traditionnel,25.00,books
Book - À la découverte de l’Aromathérapie énergétique chinoise,32.00,books
Book - Traité des blessures dues au Froid,125.00,books
Book - La Pratique de la médecine chinoise,159.00,books
Book - L'acupuncture sans aiguille,18.00,books
Book - L'Art de soigner,26.00,books
Book - Les 101 notions-clés de la médecine chinoise,24.34,books
Book - Petit guide de médecine chinoise,20.00,books
Book - Bilans énergétique,25.00,books
Book - Répertoire des indications des points d’acupuncture,65.00,books
Book - Le second printemps,20.29,books
Book - Manuel pratique de moxibustion,18.00,books
Book - Soigner la fatigue par la médecine chinoise,16.23,books
Book - Vade-Mecum d'Acupuncture Traditionnelle,32.00,books
Book - La santé par la médecine traditionnelle chinoise,20.00,books
Book : Naissance et acupuncture (3e édition),19.00,books
Book : Acupuncture en salle d'accouchement,22.00,books
Book - La Médecine des ventouses dans les pathologies respiratoires,24.92,books
Book : Manuel d'acupuncture des cinq éléments,21.00,books
Book : Association de points : la clé du succès en acupuncture,79.50,books
Book - Zhenjiu jiayi jing - Volume 1 et 2,116.63,books
Book : Comprendre la médecine chinoise. La toile sans tisserand,36.00,books
Book - Traitements anti-rides,28.00,books
"Book - Je m'initie aux points qui guérissent, guide visuel",20.00,books
Book - Lexique des termes utiles en MTC,18.00,books
Book - Cahiers cliniques d’Acupuncture n°1,35.00,books
Book - Acupuncture : Les points essentiels,45.00,books
Book - Aux sources de la médecine chinoise,23.33,books
Book - Les Trois piliers de la santé,38.00,books
Book - La Diététique chinoise,18.00,books
"Book - La médecine taoïste, spécial immunité",19.00,books
Book - À la découverte de l’Acupuncture spatio-temporelle,16.90,books
Book - Cahiers cliniques d’Acupuncture n°2,35.00,books
Book - Véritable transmission des principes médicaux,85.00,books
Book - Tui Na - Apprendre et comprendre,40.00,books
Book - La Symphonie des Méridiens du corps,26.00,books
"Book - Les Automassages chinois, Les Basiques santé",14.90,books
Book - Guide thérapeutique acupuncture,88.00,books
Book - Accompagnement psycho-émotionnel selon la tradition chinoise,28.00,books
Book - Guide pratique des moxas chinois,24.90,books
Book - Ma bible de la diététique chinoise,23.00,books
Book - Vaincre la douleur par l'acupuncture selon les anciens,52.00,books
Book - Cahiers cliniques d’Acupuncture n°4,37.00,books
Book - Le Livre du Do-In,22.30,books
Book - Médecine Traditionnelle chinoise,34.90,books
Book - Cahiers cliniques d’Acupuncture n°3,32.00,books
Book - Acuponcture Pratique - Le Yi Jing et ses applications,24.50,books
Book - Cahiers cliniques d’Acupuncture n°8,29.00,books
Book : Les gardiens de l'âme : les cinq éléments protecteurs de l'acupuncture,22.00,books
Book : Gynécologie et obstétrique en médecine chinoise 2éd.,99.00,books
Book : Examen de la langue en Médecine Chinoise - 3e édition revue et augmentée,35.00,books
Book : Guide pratique d'acupuncture pour la grossesse et l'accouchement,36.90,books
Book : Le Massage énergétique chinois,29.95,books
Book : HYPNOSE ET ACUPUNCTURE EN ANESTHESIE,10.00,books
Book - Cahiers cliniques d’Acupuncture n°13,35.00,books
"Book : Les points efficaces pour la depression mentale : massage, acupunture, shiatsu",12.00,books
Cahier Calebasse,2.90,books
Book - Cahiers cliniques d’Acupuncture n°15,33.00,books
Book : L'hypnose Taoïste,33.00,books
Book - La Procréation naturellement assistée,25.00,books
Book - À la Découverte de la Médecine Chinoise,24.90,books
Book - 100 points de digitopuncture qui peuvent vous changer la vie,16.00,books
Book - Cahiers cliniques d’Acupuncture n°16,37.00,books
Book - Comprendre l'acupuncture,17.00,books
Book - Cahiers cliniques d’Acupuncture n°7,35.00,books
Book - Les Trésors de la Médecine Chinoise pour le monde d'aujourd'hui,22.00,books
Book - Les Maux en mains,18.25,books
Book - Les Points qui guérissent au féminin,20.00,books
Book - Guide pratique des Moxas Tome 1&2,20.00,books
Book - Le Guide du Bien-être selon la Médecine Chinoise,26.00,books
Book - Cahiers cliniques d'acupuncture n°10,37.00,books
Book - Guide illustré des plantes médicinales de la pharmacopée chinoise,29.00,books
Book -  Les bienfaits des huiles essentielles selon les principes de la médecine chinoise,22.00,books
Book : Les bases théoriques de la médecine chinoise traditionnelle,20.00,books
Book : Les Trésors de la Pharmacopée Chinoise,25.00,books
Book : Atlas des plantes médicinales de Chine,90.00,books
Book - Entrez Dans la pratique du Qi Gong (DVD inclus),23.90,books
Book - Acupression avec les huiles essentielles,29.00,books
Book - Guide des Jingfang,60.00,books
Book - La voie du calme,23.90,books
Book - La Bible de la Médecine Chinoise,18.00,books
Book : Syndromes de BI,28.00,books
Book - Petit ventre heureux attend un bébé,23.90,books
Book - Traité de phytothérapie chinoise,65.00,books
Book - La Médecine des ventouses,22.00,books
Book : Emergence - Origine et évolution de l'acupuncture dans le Classique de l'Interne,29.00,books
Book - Phytothérapie chinoise : Les combinaisons efficaces,35.50,books
Book - Guide de poche de la médecine chinoise,10.40,books
Book : Acupuncture et médecine traditionnelle orientale. Prévention et thérapeutique,26.00,books
Book - S'arrêter de fumer avec 1 séance d'Acupuncture,22.31,books
"Book : Alternatives pour gérer le stress, le burnout et la dépression",56.00,books
Book - L’Esprit Originel des Quatre Sages,98.00,books
Book - Cahiers cliniques d'acupuncture n°12,35.00,books
Book - Médecine traditionnelle chinoise,49.00,books
Book - La Diététique du Tao,22.00,books
Book - Manuel pratique de psychoénergétique chinoise,27.00,books
DVD : Gua sha - le massage par friction du dos,20.00,books
Book - Cahiers cliniques d’Acupuncture n°9,29.00,books
Book : Acupuncture et Moxibustion,20.00,books
Book - Troubles psychiques en médecine chinoise,29.90,books
Book- Médecine chinoise et cuisine française,18.00,books
"Book : Les points qui guerissent : massage, acupuncture, shiatsu",20.00,books
Book - Qi gong tui na - Volume 1 to 3,35.00,books
Book - Huiles Essentielles associées aux points d'acupuncture,21.00,books
Book - Ces aliments qui nous soignent,39.90,books
Book - Se connaître pour mieux se comprendre grâce à l'énergétique chinoise,18.26,books
Book : Regard sur la médecine traditionnelle chinoise,15.00,books
Book : ZANG FU: ORGANES ET ENTRAILLES EN MEDECINE TRADITIONNELLE CHINOISE,32.00,books
Book - Les sources paysannes de la médecine chinoise,20.00,books
Book - Do-in auto massage,22.30,books
Book - 10 minutes par jour pour se sentir bien grâce à la médecine chinoise,17.00,books
Book - Des rides ... et vous !,12.00,books
Book - La cuisine des 4 saisons selon la médecine chinoise,19.90,books
Book - Soigner la dépression par la médecine chinoise,16.23,books
"Book - Je m'initie au massage chinois Tui Na, guide visuel",20.00,books
Book - Tuina anmo  推拿 按摩 : Les méthodes de mains et protocoles du massage énergétique chinois,22.00,books
Book - Les quatre piliers de la Médecine Chinoise,22.90,books
Book - Acupuncture Pratique,24.50,books
Book - Médecine chinoise : Soins et remèdes de bonne santé d'hier et d'aujourd'hui,21.30,books
Book - Cahiers cliniques d’Acupuncture n°5,37.00,books
Book - Aperçus de Médecine Chinoise Traditionnelle,20.29,books
Book - Atlas d’acupuncture : Pratique et aide-mémoire du praticien,38.00,books
Book - Maladies et symptômes en médecine chinoise - Volume 1 à 8,19.90,books
Book - Ma Bible des points qui guérissent,27.00,books
Book - Cahiers cliniques d’Acupuncture n°6,35.00,books
Book - Comprendre et traiter la dépression mentale en médecine chinoise,24.00,books
Book - L'Acupuncture pratiquée en Chine,28.00,books
Book - Atlas didactique d'Acupuncture Traditionnelle,54.16,books
Book - La phytothérapie chinoise moderne,33.50,books
Book - Prescrire les substances médicinales chinoise préparées,54.31,books
Book - Ma Bible de la Médecine Traditionnelle Chinoise,31.90,books
Book - Ma Bible des Médecines Energétiques,24.00,books
Book - Procédés subtils des Mouvements de l'Étoile Alcor,65.00,books
"Book : Hypnose, qigong, meditation silencieuse - Cui mian qi gong ming xiang",14.90,books
Book : La douleur en médecine chinoise: Diagnostic et traitement,34.00,books
"Book : Atlas de poche du diagnostic par la langue en médecine chinoise, 2 ème édition",38.80,books
Book - Les Essentiels de la matière médicale en pharmacopée chinoise,53.00,books
Book : La théorie des méridiens et ses applications en médecine chinoise,65.00,books
"Book : Les points efficaces pour les maladies courantes : massage, acupuncture, shiatsu",12.00,books
Book : Le manuel illustré des plantes médicinales chinoises,70.00,books
Book-Common herbs-Chinese medicine Pharmacopoeia,85.00,books
Buffalo Horn Scraping Plate - huang niu jiao yue xing gua sha ban,9.30,skin
Yak horn gua sha - Gua sha ban,7.40,skin
Buffalo Horn Scraping Roller - shui niu jiao an mo qi,7.40,skin
Wood Massager Tool - hua li mu shi zi an mo,8.30,skin
Wood Massager Tool - hua li mu liu jiao shou qiu,7.90,skin
Wood Scraping Plate - lu tan gua sha ban yu xing,8.40,skin
Wood acupressure pen - hong mu dian xue bang,6.70,skin
Camellia - Shan cha hua,9.50,skin
Pink Crystal Scraping Plate - Fen shui jing san jiao shuang kou xing gua sha ban,7.30,skin
Wood Massager Tool - hua li mu er lun bi lun,7.90,skin
Jade Scraping Roller - yu shi mian bu mei rong qi,7.90,skin
Jade Scraping Plate - yu shi T xing an mo zhui,12.80,skin
Jade Scraping Plate - yu shi yu xing gua sha ban,9.60,skin
Gua sha in bian stone,18.90,skin
Buffalo Horn Scraping Plate,9.30,skin
Brass Gua Sha Plate - S Shape,39.90,skin
Buffalo horn gua sha - Gua sha ban,7.80,skin
Roller Rose Quartz et Duo,9.75,skin
Pensée sauvage,9.80,skin
Wood Massager Tool - hua li mu xie chan,7.90,skin
Buffalo Horn Scraping Plate - shui niu jiao S xing gua sha ban,8.70,skin
Jade Scraping Plate - yu shi shen ti gua sha ban,9.90,skin
Wood Massager Tool - hua li mu san jiao que,8.30,skin
Buffalo Horn Scraping Comb - shui niu jiao gua sha shu,9.30,skin
Wood Scraping Plate - Xiang mu gua sha ban dao xing,8.30,skin
Sandalwood Rabbit Massager,6.90,skin
